<?xml version="1.0" encoding="UTF-8"?>
<project-private xmlns="http://www.netbeans.org/ns/project-private/1">
    <editor-bookmarks xmlns="http://www.netbeans.org/ns/editor-bookmarks/2" lastBookmarkId="0"/>
    <open-files xmlns="http://www.netbeans.org/ns/projectui-open-files/2">
        <group>
            <file>file:/C:/Users/FELIX%20M.%20MARRUGO/Documents/GitHub/BuildingsModel/Prueba1/src/Graficos/Ventana.java</file>
            <file>file:/C:/Users/FELIX%20M.%20MARRUGO/Documents/GitHub/BuildingsModel/Prueba1/src/Graficos/App.java</file>
            <file>file:/C:/Users/FELIX%20M.%20MARRUGO/Documents/GitHub/BuildingsModel/Prueba1/src/Graficos/Edit.java</file>
            <file>file:/C:/Users/FELIX%20M.%20MARRUGO/Documents/GitHub/BuildingsModel/Prueba1/src/Graficos/Linea.java</file>
            <file>file:/C:/Users/FELIX%20M.%20MARRUGO/Documents/GitHub/BuildingsModel/Prueba1/src/Graficos/SaveModel.java</file>
            <file>file:/C:/Users/FELIX%20M.%20MARRUGO/Documents/GitHub/BuildingsModel/Prueba1/src/Graficos/Label.java</file>
        </group>
    </open-files>
</project-private>
