<?xml version="1.0" encoding="UTF-8"?>
<project-private xmlns="http://www.netbeans.org/ns/project-private/1">
    <editor-bookmarks xmlns="http://www.netbeans.org/ns/editor-bookmarks/2" lastBookmarkId="0"/>
    <open-files xmlns="http://www.netbeans.org/ns/projectui-open-files/2">
        <group>
            <file>file:/D:/edwin/Trabajo_final_POO/From_github/BuildingsModel-master/Prueba1/src/Graficos/App.java</file>
            <file>file:/D:/edwin/Trabajo_final_POO/From_github/BuildingsModel-master/Prueba1/src/Graficos/LoadModel.java</file>
            <file>file:/D:/edwin/Trabajo_final_POO/From_github/BuildingsModel-master/Prueba1/src/Graficos/SaveModel.java</file>
            <file>file:/D:/edwin/Trabajo_final_POO/From_github/BuildingsModel-master/Prueba1/src/Graficos/Nodo.java</file>
            <file>file:/D:/edwin/Trabajo_final_POO/From_github/BuildingsModel-master/Prueba1/src/Graficos/NewModel.java</file>
            <file>file:/D:/edwin/Trabajo_final_POO/From_github/BuildingsModel-master/Prueba1/src/Graficos/Ventana.java</file>
        </group>
    </open-files>
</project-private>
