<?xml version="1.0" encoding="UTF-8"?>
<project-private xmlns="http://www.netbeans.org/ns/project-private/1">
    <editor-bookmarks xmlns="http://www.netbeans.org/ns/editor-bookmarks/2" lastBookmarkId="0"/>
    <open-files xmlns="http://www.netbeans.org/ns/projectui-open-files/2">
        <group>
            <file>file:/F:/MATERIAL%20DE%20ESTUDIO/ING.%20DE%20SISTEMAS/3er%20SEMESTRE/ASIGNATURAS/POO/PROYECTO%20DE%20CURSO/Prueba1/src/Graficos/Nodo.java</file>
            <file>file:/F:/MATERIAL%20DE%20ESTUDIO/ING.%20DE%20SISTEMAS/3er%20SEMESTRE/ASIGNATURAS/POO/PROYECTO%20DE%20CURSO/Prueba1/src/Graficos/Ventana.java</file>
            <file>file:/F:/MATERIAL%20DE%20ESTUDIO/ING.%20DE%20SISTEMAS/3er%20SEMESTRE/ASIGNATURAS/POO/PROYECTO%20DE%20CURSO/Prueba1/src/Graficos/App.java</file>
        </group>
        <group name="Log[s]v1.0">
            <file>file:/C:/Users/jc_go/Desktop/Prueba1-TrabajoFinal/Prueba1/src/Graficos/Ventana.java</file>
        </group>
    </open-files>
</project-private>
